Workbook

Sheet Sheet1
A1: Serial No | B1: District Name | C1: District Headquater | D1: Population | E1: Division | F1: Male population | G1: Female Population | H1: Area (Km2) | I1: Population density | J1: Number of village | K1: Number of school | L1: Section | M1: Section2 | N1: Number of college | O1: Number of hospital
A2: 1 | B2: Alipurduar | C2: Alipurduar | D2: =VLOOKUP(B2,Population!$A$2:$C$24,3,FALSE) -> 1491250 | E2: =IF(D2>10000000,"A1",IF(D2>1000000,"A2",IF(D2>500000,"A3","A4"))) -> A2 | F2: 765528 | G2: 725722 | H2: 3383 | I2: =D2/H2 -> 440.80698 | J2: 337 | K2: =VLOOKUP(B2,Schools!$A$2:$B$25,2,FALSE) -> 1631 | L2: =IF(K2>=5000,"A",IF(K2>=4000,"B",IF(K2>=2600,"C",IF(K2>=1100,"D","E")))) -> D | M2: =_xlfn.IFS(RANK(K2,$K$2:$K$24,0)>=20,"E",RANK(K2,$K$2:$K$24,0)>=15,"D",RANK(K2,$K$2:$K$24,0)>=10,"C",RANK(K2,$K$2:$K$24,0)>=2,"B",RANK(K2,$K$2:$K$24,0)<2,"A") -> E | N2: =RANK(K2,$K$2:$K$24,0) -> 20 | Q2: Project name
A3: 2 | B3: Bankura | C3: Bankura | D3: =VLOOKUP(B3,Population!$A$2:$C$24,3,FALSE) -> 3596674 | E3: =IF(D3>10000000,"A1",IF(D3>1000000,"A2",IF(D3>500000,"A3","A4"))) -> A2 | F3: =VLOOKUP(B3,Population!$J$2:$M$20,2,FALSE) -> 1838095 | G3: =VLOOKUP(B3,Population!$J$2:$M$20,3,FALSE) -> 1758579 | H3: 6882 | I3: =D3/H3 -> 522.62046 | J3: =VLOOKUP(B3,Villages!$A$2:$B$19,2,FALSE) -> 3832 | K3: =VLOOKUP(B3,Schools!$A$2:$B$25,2,FALSE) -> 4952 | L3: =IF(K3>=5000,"A",IF(K3>=4000,"B",IF(K3>=2600,"C",IF(K3>=1100,"D","E")))) -> B | M3: =_xlfn.IFS(RANK(K3,$K$2:$K$24,0)>=20,"E",RANK(K3,$K$2:$K$24,0)>=15,"D",RANK(K3,$K$2:$K$24,0)>=10,"C",RANK(K3,$K$2:$K$24,0)>=2,"B",RANK(K3,$K$2:$K$24,0)<2,"A") -> B | N3: =RANK(K3,$K$2:$K$24,0) -> 6 | Q3: Situtation analysis of Districts of West Bengal
A4: 3 | B4: Birbhum | C4: Suri | D4: =VLOOKUP(B4,Population!$A$2:$C$24,3,FALSE) -> 3502404 | E4: =IF(D4>10000000,"A1",IF(D4>1000000,"A2",IF(D4>500000,"A3","A4"))) -> A2 | F4: =VLOOKUP(B4,Population!$J$2:$M$20,2,FALSE) -> 1790920 | G4: =VLOOKUP(B4,Population!$J$2:$M$20,3,FALSE) -> 1711484 | H4: 1603 | I4: =D4/H4 -> 2184.9058 | J4: =VLOOKUP(B4,Villages!$A$2:$B$19,2,FALSE) -> 2469 | K4: =VLOOKUP(B4,Schools!$A$2:$B$25,2,FALSE) -> 3829 | L4: =IF(K4>=5000,"A",IF(K4>=4000,"B",IF(K4>=2600,"C",IF(K4>=1100,"D","E")))) -> C | M4: =_xlfn.IFS(RANK(K4,$K$2:$K$24,0)>=20,"E",RANK(K4,$K$2:$K$24,0)>=15,"D",RANK(K4,$K$2:$K$24,0)>=10,"C",RANK(K4,$K$2:$K$24,0)>=2,"B",RANK(K4,$K$2:$K$24,0)<2,"A") -> C | N4: =RANK(K4,$K$2:$K$24,0) -> 11
A5: 4 | B5: Cooch Behar | C5: Cooch Behar | D5: =VLOOKUP(B5,Population!$A$2:$C$24,3,FALSE) -> 2819086 | E5: =IF(D5>10000000,"A1",IF(D5>1000000,"A2",IF(D5>500000,"A3","A4"))) -> A2 | F5: =VLOOKUP(B5,Population!$J$2:$M$20,2,FALSE) -> 1451542 | G5: =VLOOKUP(B5,Population!$J$2:$M$20,3,FALSE) -> 1367544 | H5: 5433 | I5: =D5/H5 -> 518.88202 | J5: =VLOOKUP(B5,Villages!$A$2:$B$19,2,FALSE) -> 1206 | K5: =VLOOKUP(B5,Schools!$A$2:$B$25,2,FALSE) -> 3224 | L5: =IF(K5>=5000,"A",IF(K5>=4000,"B",IF(K5>=2600,"C",IF(K5>=1100,"D","E")))) -> C | M5: =_xlfn.IFS(RANK(K5,$K$2:$K$24,0)>=20,"E",RANK(K5,$K$2:$K$24,0)>=15,"D",RANK(K5,$K$2:$K$24,0)>=10,"C",RANK(K5,$K$2:$K$24,0)>=2,"B",RANK(K5,$K$2:$K$24,0)<2,"A") -> C | N5: =RANK(K5,$K$2:$K$24,0) -> 13
A6: 5 | B6: Dakshin Dinajpur | C6: Balurghat | D6: =VLOOKUP(B6,Population!$A$2:$C$24,3,FALSE) -> 1676276 | E6: =IF(D6>10000000,"A1",IF(D6>1000000,"A2",IF(D6>500000,"A3","A4"))) -> A2 | F6: =VLOOKUP(B6,Population!$J$2:$M$20,2,FALSE) -> 857199 | G6: =VLOOKUP(B6,Population!$J$2:$M$20,3,FALSE) -> 819077 | H6: 4545 | I6: =D6/H6 -> 368.8176 | J6: =VLOOKUP(B6,Villages!$A$2:$B$19,2,FALSE) -> 1637 | K6: =VLOOKUP(B6,Schools!$A$2:$B$25,2,FALSE) -> 2183 | L6: =IF(K6>=5000,"A",IF(K6>=4000,"B",IF(K6>=2600,"C",IF(K6>=1100,"D","E")))) -> D | M6: =_xlfn.IFS(RANK(K6,$K$2:$K$24,0)>=20,"E",RANK(K6,$K$2:$K$24,0)>=15,"D",RANK(K6,$K$2:$K$24,0)>=10,"C",RANK(K6,$K$2:$K$24,0)>=2,"B",RANK(K6,$K$2:$K$24,0)<2,"A") -> D | N6: =RANK(K6,$K$2:$K$24,0) -> 18
A7: 6 | B7: Darjeeling | C7: Darjeeling | D7: =VLOOKUP(B7,Population!$A$2:$C$24,3,FALSE) -> 1846823 | E7: =IF(D7>10000000,"A1",IF(D7>1000000,"A2",IF(D7>500000,"A3","A4"))) -> A2 | F7: =VLOOKUP(B7,Population!$J$2:$M$20,2,FALSE) -> 937259 | G7: =VLOOKUP(B7,Population!$J$2:$M$20,3,FALSE) -> 909564 | H7: 3387 | I7: =D7/H7 -> 545.26808 | J7: =VLOOKUP(B7,Villages!$A$2:$B$19,2,FALSE) -> 711 | K7: =VLOOKUP(B7,Schools!$A$2:$B$25,2,FALSE) -> 1071 | L7: =IF(K7>=5000,"A",IF(K7>=4000,"B",IF(K7>=2600,"C",IF(K7>=1100,"D","E")))) -> E | M7: =_xlfn.IFS(RANK(K7,$K$2:$K$24,0)>=20,"E",RANK(K7,$K$2:$K$24,0)>=15,"D",RANK(K7,$K$2:$K$24,0)>=10,"C",RANK(K7,$K$2:$K$24,0)>=2,"B",RANK(K7,$K$2:$K$24,0)<2,"A") -> E | N7: =RANK(K7,$K$2:$K$24,0) -> 22
A8: 7 | B8: Hooghly | C8: Chinsurah | D8: =VLOOKUP(B8,Population!$A$2:$C$24,3,FALSE) -> 5519145 | E8: =IF(D8>10000000,"A1",IF(D8>1000000,"A2",IF(D8>500000,"A3","A4"))) -> A2 | F8: =VLOOKUP(B8,Population!$J$2:$M$20,2,FALSE) -> 2814653 | G8: =VLOOKUP(B8,Population!$J$2:$M$20,3,FALSE) -> 2704492 | H8: 2183 | I8: =D8/H8 -> 2528.2387 | J8: =VLOOKUP(B8,Villages!$A$2:$B$19,2,FALSE) -> 1931 | K8: =VLOOKUP(B8,Schools!$A$2:$B$25,2,FALSE) -> 4175 | L8: =IF(K8>=5000,"A",IF(K8>=4000,"B",IF(K8>=2600,"C",IF(K8>=1100,"D","E")))) -> B | M8: =_xlfn.IFS(RANK(K8,$K$2:$K$24,0)>=20,"E",RANK(K8,$K$2:$K$24,0)>=15,"D",RANK(K8,$K$2:$K$24,0)>=10,"C",RANK(K8,$K$2:$K$24,0)>=2,"B",RANK(K8,$K$2:$K$24,0)<2,"A") -> B | N8: =RANK(K8,$K$2:$K$24,0) -> 9
A9: 8 | B9: Howrah | C9: Howrah | D9: =VLOOKUP(B9,Population!$A$2:$C$24,3,FALSE) -> 4850029 | E9: =IF(D9>10000000,"A1",IF(D9>1000000,"A2",IF(D9>500000,"A3","A4"))) -> A2 | F9: =VLOOKUP(B9,Population!$J$2:$M$20,2,FALSE) -> 2500819 | G9: =VLOOKUP(B9,Population!$J$2:$M$20,3,FALSE) -> 2349210 | H9: 3149 | I9: =D9/H9 -> 1540.1807 | J9: 650 | K9: =VLOOKUP(B9,Schools!$A$2:$B$25,2,FALSE) -> 3035 | L9: =IF(K9>=5000,"A",IF(K9>=4000,"B",IF(K9>=2600,"C",IF(K9>=1100,"D","E")))) -> C | M9: =_xlfn.IFS(RANK(K9,$K$2:$K$24,0)>=20,"E",RANK(K9,$K$2:$K$24,0)>=15,"D",RANK(K9,$K$2:$K$24,0)>=10,"C",RANK(K9,$K$2:$K$24,0)>=2,"B",RANK(K9,$K$2:$K$24,0)<2,"A") -> C | N9: =RANK(K9,$K$2:$K$24,0) -> 14
A10: 9 | B10: Jalpaiguri | C10: Jalpaiguri | D10: =VLOOKUP(B10,Population!$A$2:$C$24,3,FALSE) -> 3872846 | E10: =IF(D10>10000000,"A1",IF(D10>1000000,"A2",IF(D10>500000,"A3","A4"))) -> A2 | F10: =VLOOKUP(B10,Population!$J$2:$M$20,2,FALSE) -> 1983064 | G10: =VLOOKUP(B10,Population!$J$2:$M$20,3,FALSE) -> 1889782 | H10: 3149 | I10: =D10/H10 -> 1229.8654 | J10: =VLOOKUP(B10,Villages!$A$2:$B$19,2,FALSE) -> 768 | K10: =VLOOKUP(B10,Schools!$A$2:$B$25,2,FALSE) -> 2249 | L10: =IF(K10>=5000,"A",IF(K10>=4000,"B",IF(K10>=2600,"C",IF(K10>=1100,"D","E")))) -> D | M10: =_xlfn.IFS(RANK(K10,$K$2:$K$24,0)>=20,"E",RANK(K10,$K$2:$K$24,0)>=15,"D",RANK(K10,$K$2:$K$24,0)>=10,"C",RANK(K10,$K$2:$K$24,0)>=2,"B",RANK(K10,$K$2:$K$24,0)<2,"A") -> D | N10: =RANK(K10,$K$2:$K$24,0) -> 17
A11: 10 | B11: Jhargram | C11: Jhargram | D11: =VLOOKUP(B11,Population!$A$2:$C$24,3,FALSE) -> 1136548 | E11: =IF(D11>10000000,"A1",IF(D11>1000000,"A2",IF(D11>500000,"A3","A4"))) -> A2 | F11: 575085 | G11: 562078 | H11: 1467 | I11: =D11/H11 -> 774.74301 | J11: 2996 | K11: =VLOOKUP(B11,Schools!$A$2:$B$25,2,FALSE) -> 2316 | L11: =IF(K11>=5000,"A",IF(K11>=4000,"B",IF(K11>=2600,"C",IF(K11>=1100,"D","E")))) -> D | M11: =_xlfn.IFS(RANK(K11,$K$2:$K$24,0)>=20,"E",RANK(K11,$K$2:$K$24,0)>=15,"D",RANK(K11,$K$2:$K$24,0)>=10,"C",RANK(K11,$K$2:$K$24,0)>=2,"B",RANK(K11,$K$2:$K$24,0)<2,"A") -> D | N11: =RANK(K11,$K$2:$K$24,0) -> 16
A12: 11 | B12: Kalimpong | C12: Kalimpong | D12: =VLOOKUP(B12,Population!$A$2:$C$24,3,FALSE) -> 251642 | E12: =IF(D12>10000000,"A1",IF(D12>1000000,"A2",IF(D12>500000,"A3","A4"))) -> A4 | F12: 128454 | G12: 123188 | H12: 6227 | I12: =D12/H12 -> 40.411434 | J12: 128 | K12: =VLOOKUP(B12,Schools!$A$2:$B$25,2,FALSE) -> 459 | L12: =IF(K12>=5000,"A",IF(K12>=4000,"B",IF(K12>=2600,"C",IF(K12>=1100,"D","E")))) -> E | M12: =_xlfn.IFS(RANK(K12,$K$2:$K$24,0)>=20,"E",RANK(K12,$K$2:$K$24,0)>=15,"D",RANK(K12,$K$2:$K$24,0)>=10,"C",RANK(K12,$K$2:$K$24,0)>=2,"B",RANK(K12,$K$2:$K$24,0)<2,"A") -> E | N12: =RANK(K12,$K$2:$K$24,0) -> 23
A13: 12 | B13: Kolkata | C13: Kolkata | D13: =VLOOKUP(B13,Population!$A$2:$C$24,3,FALSE) -> 4496694 | E13: =IF(D13>10000000,"A1",IF(D13>1000000,"A2",IF(D13>500000,"A3","A4"))) -> A2 | F13: =VLOOKUP(B13,Population!$J$2:$M$20,2,FALSE) -> 2356766 | G13: =VLOOKUP(B13,Population!$J$2:$M$20,3,FALSE) -> 2139928 | H13: 3038 | I13: =D13/H13 -> 1480.1494 | J13: 0 | K13: =VLOOKUP(B13,Schools!$A$2:$B$25,2,FALSE) -> 2089 | L13: =IF(K13>=5000,"A",IF(K13>=4000,"B",IF(K13>=2600,"C",IF(K13>=1100,"D","E")))) -> D | M13: =_xlfn.IFS(RANK(K13,$K$2:$K$24,0)>=20,"E",RANK(K13,$K$2:$K$24,0)>=15,"D",RANK(K13,$K$2:$K$24,0)>=10,"C",RANK(K13,$K$2:$K$24,0)>=2,"B",RANK(K13,$K$2:$K$24,0)<2,"A") -> D | N13: =RANK(K13,$K$2:$K$24,0) -> 19
A14: 13 | B14: Malda | C14: English Bazar | D14: =VLOOKUP(B14,Population!$A$2:$C$24,3,FALSE) -> 3988845 | E14: =IF(D14>10000000,"A1",IF(D14>1000000,"A2",IF(D14>500000,"A3","A4"))) -> A2 | F14: =VLOOKUP(B14,Population!$J$2:$M$20,2,FALSE) -> 2051541 | G14: =VLOOKUP(B14,Population!$J$2:$M$20,3,FALSE) -> 1937304 | H14: 1054 | I14: =D14/H14 -> 3784.4829 | J14: 1772 | K14: =VLOOKUP(B14,Schools!$A$2:$B$25,2,FALSE) -> 3290 | L14: =IF(K14>=5000,"A",IF(K14>=4000,"B",IF(K14>=2600,"C",IF(K14>=1100,"D","E")))) -> C | M14: =_xlfn.IFS(RANK(K14,$K$2:$K$24,0)>=20,"E",RANK(K14,$K$2:$K$24,0)>=15,"D",RANK(K14,$K$2:$K$24,0)>=10,"C",RANK(K14,$K$2:$K$24,0)>=2,"B",RANK(K14,$K$2:$K$24,0)<2,"A") -> C | N14: =RANK(K14,$K$2:$K$24,0) -> 12
A15: 14 | B15: Murshidabad | C15: Baharampur | D15: =VLOOKUP(B15,Population!$A$2:$C$24,3,FALSE) -> 7103807 | E15: =IF(D15>10000000,"A1",IF(D15>1000000,"A2",IF(D15>500000,"A3","A4"))) -> A2 | F15: =VLOOKUP(B15,Population!$J$2:$M$20,2,FALSE) -> 3627564 | G15: =VLOOKUP(B15,Population!$J$2:$M$20,3,FALSE) -> 3476243 | H15: 206.08 | I15: =D15/H15 -> 34471.113 | J15: =VLOOKUP(B15,Villages!$A$2:$B$19,2,FALSE) -> 2231 | K15: =VLOOKUP(B15,Schools!$A$2:$B$25,2,FALSE) -> 5875 | L15: =IF(K15>=5000,"A",IF(K15>=4000,"B",IF(K15>=2600,"C",IF(K15>=1100,"D","E")))) -> A | M15: =_xlfn.IFS(RANK(K15,$K$2:$K$24,0)>=20,"E",RANK(K15,$K$2:$K$24,0)>=15,"D",RANK(K15,$K$2:$K$24,0)>=10,"C",RANK(K15,$K$2:$K$24,0)>=2,"B",RANK(K15,$K$2:$K$24,0)<2,"A") -> B | N15: =RANK(K15,$K$2:$K$24,0) -> 4
A16: 15 | B16: Nadia | C16: Krishnanagar | D16: =VLOOKUP(B16,Population!$A$2:$C$24,3,FALSE) -> 5167600 | E16: =IF(D16>10000000,"A1",IF(D16>1000000,"A2",IF(D16>500000,"A3","A4"))) -> A2 | F16: =VLOOKUP(B16,Population!$J$2:$M$20,2,FALSE) -> 2653768 | G16: =VLOOKUP(B16,Population!$J$2:$M$20,3,FALSE) -> 2513832 | H16: 3733 | I16: =D16/H16 -> 1384.3022 | J16: =VLOOKUP(B16,Villages!$A$2:$B$19,2,FALSE) -> 1367 | K16: =VLOOKUP(B16,Schools!$A$2:$B$25,2,FALSE) -> 4110 | L16: =IF(K16>=5000,"A",IF(K16>=4000,"B",IF(K16>=2600,"C",IF(K16>=1100,"D","E")))) -> B | M16: =_xlfn.IFS(RANK(K16,$K$2:$K$24,0)>=20,"E",RANK(K16,$K$2:$K$24,0)>=15,"D",RANK(K16,$K$2:$K$24,0)>=10,"C",RANK(K16,$K$2:$K$24,0)>=2,"B",RANK(K16,$K$2:$K$24,0)<2,"A") -> C | N16: =RANK(K16,$K$2:$K$24,0) -> 10
A17: 16 | B17: North 24 Parganas | C17: Barasat | D17: =VLOOKUP(B17,Population!$A$2:$C$24,3,FALSE) -> 10009781 | E17: =IF(D17>10000000,"A1",IF(D17>1000000,"A2",IF(D17>500000,"A3","A4"))) -> A1 | F17: =VLOOKUP(B17,Population!$J$2:$M$20,2,FALSE) -> 5119389 | G17: =VLOOKUP(B17,Population!$J$2:$M$20,3,FALSE) -> 4890392 | H17: 5324 | I17: =D17/H17 -> 1880.1242 | J17: =VLOOKUP(B17,Villages!$A$2:$B$19,2,FALSE) -> 1609 | K17: =VLOOKUP(B17,Schools!$A$2:$B$25,2,FALSE) -> 5874 | L17: =IF(K17>=5000,"A",IF(K17>=4000,"B",IF(K17>=2600,"C",IF(K17>=1100,"D","E")))) -> A | M17: =_xlfn.IFS(RANK(K17,$K$2:$K$24,0)>=20,"E",RANK(K17,$K$2:$K$24,0)>=15,"D",RANK(K17,$K$2:$K$24,0)>=10,"C",RANK(K17,$K$2:$K$24,0)>=2,"B",RANK(K17,$K$2:$K$24,0)<2,"A") -> B | N17: =RANK(K17,$K$2:$K$24,0) -> 5
A18: 17 | B18: Paschim Bardhaman | C18: Asansol | D18: =VLOOKUP(B18,Population!$A$2:$C$24,3,FALSE) -> 2882031 | E18: =IF(D18>10000000,"A1",IF(D18>1000000,"A2",IF(D18>500000,"A3","A4"))) -> A2 | F18: 1499496 | G18: 1382535 | H18: 3927 | I18: =D18/H18 -> 733.90145 | J18: 316 | K18: =VLOOKUP(B18,Schools!$A$2:$B$25,2,FALSE) -> 1579 | L18: =IF(K18>=5000,"A",IF(K18>=4000,"B",IF(K18>=2600,"C",IF(K18>=1100,"D","E")))) -> D | M18: =_xlfn.IFS(RANK(K18,$K$2:$K$24,0)>=20,"E",RANK(K18,$K$2:$K$24,0)>=15,"D",RANK(K18,$K$2:$K$24,0)>=10,"C",RANK(K18,$K$2:$K$24,0)>=2,"B",RANK(K18,$K$2:$K$24,0)<2,"A") -> E | N18: =RANK(K18,$K$2:$K$24,0) -> 21
A19: 18 | B19: Paschim Medinipur | C19: Medinipur | D19: =VLOOKUP(B19,Population!$A$2:$C$24,3,FALSE) -> 5913457 | E19: =IF(D19>10000000,"A1",IF(D19>1000000,"A2",IF(D19>500000,"A3","A4"))) -> A2 | F19: =VLOOKUP(B19,Population!$J$2:$M$20,2,FALSE) -> 3007885 | G19: =VLOOKUP(B19,Population!$J$2:$M$20,3,FALSE) -> 2905572 | H19: 4094 | I19: =D19/H19 -> 1444.4204 | J19: =VLOOKUP(B19,Villages!$A$2:$B$19,2,FALSE) -> 8705 | K19: =VLOOKUP(B19,Schools!$A$2:$B$25,2,FALSE) -> 6500 | L19: =IF(K19>=5000,"A",IF(K19>=4000,"B",IF(K19>=2600,"C",IF(K19>=1100,"D","E")))) -> A | M19: =_xlfn.IFS(RANK(K19,$K$2:$K$24,0)>=20,"E",RANK(K19,$K$2:$K$24,0)>=15,"D",RANK(K19,$K$2:$K$24,0)>=10,"C",RANK(K19,$K$2:$K$24,0)>=2,"B",RANK(K19,$K$2:$K$24,0)<2,"A") -> A | N19: =RANK(K19,$K$2:$K$24,0) -> 1
A20: 19 | B20: Purba Bardhaman | C20: Bardhaman | D20: =VLOOKUP(B20,Population!$A$2:$C$24,3,FALSE) -> 4835532 | E20: =IF(D20>10000000,"A1",IF(D20>1000000,"A2",IF(D20>500000,"A3","A4"))) -> A2 | F20: 2469628 | G20: 2365904 | H20: 9345 | I20: =D20/H20 -> 517.44591 | J20: 2102 | K20: =VLOOKUP(B20,Schools!$A$2:$B$25,2,FALSE) -> 4707 | L20: =IF(K20>=5000,"A",IF(K20>=4000,"B",IF(K20>=2600,"C",IF(K20>=1100,"D","E")))) -> B | M20: =_xlfn.IFS(RANK(K20,$K$2:$K$24,0)>=20,"E",RANK(K20,$K$2:$K$24,0)>=15,"D",RANK(K20,$K$2:$K$24,0)>=10,"C",RANK(K20,$K$2:$K$24,0)>=2,"B",RANK(K20,$K$2:$K$24,0)<2,"A") -> B | N20: =RANK(K20,$K$2:$K$24,0) -> 7
A21: 20 | B21: Purba Medinipur | C21: Tamluk | D21: =VLOOKUP(B21,Population!$A$2:$C$24,3,FALSE) -> 5095875 | E21: =IF(D21>10000000,"A1",IF(D21>1000000,"A2",IF(D21>500000,"A3","A4"))) -> A2 | F21: =VLOOKUP(B21,Population!$J$2:$M$20,2,FALSE) -> 2629834 | G21: =VLOOKUP(B21,Population!$J$2:$M$20,3,FALSE) -> 2466041 | H21: 4736 | I21: =D21/H21 -> 1075.9871 | J21: =VLOOKUP(B21,Villages!$A$2:$B$19,2,FALSE) -> 3014 | K21: =VLOOKUP(B21,Schools!$A$2:$B$25,2,FALSE) -> 5910 | L21: =IF(K21>=5000,"A",IF(K21>=4000,"B",IF(K21>=2600,"C",IF(K21>=1100,"D","E")))) -> A | M21: =_xlfn.IFS(RANK(K21,$K$2:$K$24,0)>=20,"E",RANK(K21,$K$2:$K$24,0)>=15,"D",RANK(K21,$K$2:$K$24,0)>=10,"C",RANK(K21,$K$2:$K$24,0)>=2,"B",RANK(K21,$K$2:$K$24,0)<2,"A") -> B | N21: =RANK(K21,$K$2:$K$24,0) -> 3
A22: 21 | B22: Purulia | C22: Purulia | D22: =VLOOKUP(B22,Population!$A$2:$C$24,3,FALSE) -> 2930115 | E22: =IF(D22>10000000,"A1",IF(D22>1000000,"A2",IF(D22>500000,"A3","A4"))) -> A2 | F22: =VLOOKUP(B22,Population!$J$2:$M$20,2,FALSE) -> 1496996 | G22: =VLOOKUP(B22,Population!$J$2:$M$20,3,FALSE) -> 1433119 | H22: 6259 | I22: =D22/H22 -> 468.14427 | J22: =VLOOKUP(B22,Villages!$A$2:$B$19,2,FALSE) -> 2692 | K22: =VLOOKUP(B22,Schools!$A$2:$B$25,2,FALSE) -> 4372 | L22: =IF(K22>=5000,"A",IF(K22>=4000,"B",IF(K22>=2600,"C",IF(K22>=1100,"D","E")))) -> B | M22: =_xlfn.IFS(RANK(K22,$K$2:$K$24,0)>=20,"E",RANK(K22,$K$2:$K$24,0)>=15,"D",RANK(K22,$K$2:$K$24,0)>=10,"C",RANK(K22,$K$2:$K$24,0)>=2,"B",RANK(K22,$K$2:$K$24,0)<2,"A") -> B | N22: =RANK(K22,$K$2:$K$24,0) -> 8
A23: 22 | B23: South 24 Parganas | C23: Alipore | D23: =VLOOKUP(B23,Population!$A$2:$C$24,3,FALSE) -> 8161961 | E23: =IF(D23>10000000,"A1",IF(D23>1000000,"A2",IF(D23>500000,"A3","A4"))) -> A2 | F23: =VLOOKUP(B23,Population!$J$2:$M$20,2,FALSE) -> 4173778 | G23: =VLOOKUP(B23,Population!$J$2:$M$20,3,FALSE) -> 3988183 | H23: 9960 | I23: =D23/H23 -> 819.474 | J23: =VLOOKUP(B23,Villages!$A$2:$B$19,2,FALSE) -> 2153 | K23: =VLOOKUP(B23,Schools!$A$2:$B$25,2,FALSE) -> 6207 | L23: =IF(K23>=5000,"A",IF(K23>=4000,"B",IF(K23>=2600,"C",IF(K23>=1100,"D","E")))) -> A | M23: =_xlfn.IFS(RANK(K23,$K$2:$K$24,0)>=20,"E",RANK(K23,$K$2:$K$24,0)>=15,"D",RANK(K23,$K$2:$K$24,0)>=10,"C",RANK(K23,$K$2:$K$24,0)>=2,"B",RANK(K23,$K$2:$K$24,0)<2,"A") -> B | N23: =RANK(K23,$K$2:$K$24,0) -> 2
A24: 23 | B24: Uttar Dinajpur | C24: Raiganj | D24: =VLOOKUP(B24,Population!$A$2:$C$24,3,FALSE) -> 3007134 | E24: =IF(D24>10000000,"A1",IF(D24>1000000,"A2",IF(D24>500000,"A3","A4"))) -> A2 | F24: =VLOOKUP(B24,Population!$J$2:$M$20,2,FALSE) -> 1551066 | G24: =VLOOKUP(B24,Population!$J$2:$M$20,3,FALSE) -> 1456068 | H24: 3180 | I24: =D24/H24 -> 945.63962 | J24: =VLOOKUP(B24,Villages!$A$2:$B$19,2,FALSE) -> 1499 | K24: =VLOOKUP(B24,Schools!$A$2:$B$25,2,FALSE) -> 2982 | L24: =IF(K24>=5000,"A",IF(K24>=4000,"B",IF(K24>=2600,"C",IF(K24>=1100,"D","E")))) -> C | M24: =_xlfn.IFS(RANK(K24,$K$2:$K$24,0)>=20,"E",RANK(K24,$K$2:$K$24,0)>=15,"D",RANK(K24,$K$2:$K$24,0)>=10,"C",RANK(K24,$K$2:$K$24,0)>=2,"B",RANK(K24,$K$2:$K$24,0)<2,"A") -> D | N24: =RANK(K24,$K$2:$K$24,0) -> 15

Sheet Villages
A1: District | B1: Village
A2: Bankura | B2: 3832
A3: Barddhaman | B3: 2588
A4: Birbhum | B4: 2469 | L4: Link 1
A5: Dakshin Dinajpur | B5: 1637 | L5: Link2
A6: Darjeeling | B6: 711
A7: Haora | B7: 786
A8: Hooghly | B8: 1931
A9: Jalpaiguri | B9: 768
A10: Cooch Behar | B10: 1206
A11: Maldah | B11: 1798
A12: Murshidabad | B12: 2231
A13: Nadia | B13: 1367
A14: North 24 Parganas | B14: 1609
A15: Paschim Medinipur | B15: 8705
A16: Purba Medinipur | B16: 3014
A17: Purulia | B17: 2692
... A19: Uttar Dinajpur | B19: 1499

Sheet Population
A1: District | B1: Population (2011) | J1: District | K1: Male | L1: Female | M1: Total
A2: Alipurduar | B2: 1491250 | C2: 1491250 | J2: North 24 Parganas | K2: 5119389 | L2: 4890392 | M2: 10009781
A3: Bankura | B3: 3596292 | C3: =VLOOKUP(A3,$J$2:$M$20,4,FALSE) -> 3596674 | E3: Link 1 | J3: South 24 Parganas | K3: 4173778 | L3: 3988183 | M3: 8161961
A4: Paschim Bardhaman | B4: 2882031 | C4: 2882031 | E4: Link 2 | J4: Barddhaman | K4: 3966889 | L4: 3750674 | M4: 7717563
A5: Purba Bardhaman | B5: 4835532 | C5: 4835532 | E5: Link 3 | J5: Murshidabad | K5: 3627564 | L5: 3476243 | M5: 7103807
A6: Birbhum | B6: 3502387 | C6: =VLOOKUP(A6,$J$2:$M$20,4,FALSE) -> 3502404 | E6: Link4 | J6: Paschim Medinipur | K6: 3007885 | L6: 2905572 | M6: 5913457
A7: Cooch Behar | B7: 2822780 | C7: =VLOOKUP(A7,$J$2:$M$20,4,FALSE) -> 2819086 | J7: Hooghly | K7: 2814653 | L7: 2704492 | M7: 5519145
A8: Dakshin Dinajpur | B8: 1670931 | C8: =VLOOKUP(A8,$J$2:$M$20,4,FALSE) -> 1676276 | J8: Nadia | K8: 2653768 | L8: 2513832 | M8: 5167600
A9: Darjeeling | B9: 1842034 | C9: =VLOOKUP(A9,$J$2:$M$20,4,FALSE) -> 1846823 | J9: Purba Medinipur | K9: 2629834 | L9: 2466041 | M9: 5095875
A10: Hooghly | B10: 5520389 | C10: =VLOOKUP(A10,$J$2:$M$20,4,FALSE) -> 5519145 | J10: Howrah | K10: 2500819 | L10: 2349210 | M10: 4850029
A11: Howrah | B11: 4841638 | C11: =VLOOKUP(A11,$J$2:$M$20,4,FALSE) -> 4850029 | J11: Kolkata | K11: 2356766 | L11: 2139928 | M11: 4496694
A12: Jalpaiguri | B12: 3869675 | C12: =VLOOKUP(A12,$J$2:$M$20,4,FALSE) -> 3872846 | J12: Malda | K12: 2051541 | L12: 1937304 | M12: 3988845
A13: Jhargram | B13: 1136548 | C13: 1136548 | J13: Jalpaiguri | K13: 1983064 | L13: 1889782 | M13: 3872846
A14: Kalimpong | B14: 251642 | C14: 251642 | J14: Bankura | K14: 1838095 | L14: 1758579 | M14: 3596674
A15: Kolkata | B15: 4486679 | C15: =VLOOKUP(A15,$J$2:$M$20,4,FALSE) -> 4496694 | J15: Birbhum | K15: 1790920 | L15: 1711484 | M15: 3502404
A16: Malda | B16: 3997970 | C16: =VLOOKUP(A16,$J$2:$M$20,4,FALSE) -> 3988845 | J16: Uttar Dinajpur | K16: 1551066 | L16: 1456068 | M16: 3007134
A17: Murshidabad | B17: 7102430 | C17: =VLOOKUP(A17,$J$2:$M$20,4,FALSE) -> 7103807 | J17: Purulia | K17: 1496996 | L17: 1433119 | M17: 2930115
A18: Nadia | B18: 5168488 | C18: =VLOOKUP(A18,$J$2:$M$20,4,FALSE) -> 5167600 | J18: Cooch Behar | K18: 1451542 | L18: 1367544 | M18: 2819086
A19: North 24 Parganas | B19: 10009781 | C19: =VLOOKUP(A19,$J$2:$M$20,4,FALSE) -> 10009781 | J19: Darjeeling | K19: 937259 | L19: 909564 | M19: 1846823
A20: Paschim Medinipur | B20: 5095875 | C20: =VLOOKUP(A20,$J$2:$M$20,4,FALSE) -> 5913457 | J20: Dakshin Dinajpur | K20: 857199 | L20: 819077 | M20: 1676276
A21: Purba Medinipur | B21: 4417377 | C21: =VLOOKUP(A21,$J$2:$M$20,4,FALSE) -> 5095875
A22: Purulia | B22: 2927965 | C22: =VLOOKUP(A22,$J$2:$M$20,4,FALSE) -> 2930115
A23: South 24 Parganas | B23: 8153176 | C23: =VLOOKUP(A23,$J$2:$M$20,4,FALSE) -> 8161961
A24: Uttar Dinajpur | B24: 3000849 | C24: =VLOOKUP(A24,$J$2:$M$20,4,FALSE) -> 3007134

Sheet Schools
A1: District | B1: Total schools
A2: PASCHIM BARDHAMAN | B2: 1579
A3: NORTH 24 PARGANAS | B3: 5874 | F3: Link
A4: BIRBHUM | B4: 3829 | F4: Link2
A5: PASCHIM MEDINIPUR | B5: 6500 | F5: Link3
A6: JHARGRAM | B6: 2316
A7: UTTAR DINAJPUR | B7: 2982
A8: ALIPURDUAR | B8: 1631
A9: Purulia | B9: 4372
A10: Cooch Behar | B10: 3224
A11: South 24 Parganas | B11: 6207
A12: SILIGURI | B12: 801
A13: MURSHIDABAD | B13: 5875
A14: NADIA | B14: 4110
A15: PURBA BARDHAMAN | B15: 4707
A16: BANKURA | B16: 4952
A17: Darjeeling | B17: 1071
... A25: KALIMPONG | B25: 459

Sheet Hospital
I4: Link1
